{"mean":{"confidence_interval":{"confidence_level":0.95,"lower_bound":0.0007576033979550536,"upper_bound":0.006024459342807508},"point_estimate":0.003085739095557427,"standard_error":0.0013940552514151408},"median":{"confidence_interval":{"confidence_level":0.95,"lower_bound":-0.0005948949082337229,"upper_bound":0.002597982681306288},"point_estimate":0.0007117694200484692,"standard_error":0.0007435516892120138}}