{"mean":{"confidence_interval":{"confidence_level":0.95,"lower_bound":0.00824430069710222,"upper_bound":0.008909870065810937},"point_estimate":0.008584312171351138,"standard_error":0.00017000458595336278},"median":{"confidence_interval":{"confidence_level":0.95,"lower_bound":0.007974181131874536,"upper_bound":0.009050612989626838},"point_estimate":0.008741275949266436,"standard_error":0.00027522189943730635}}