{"mean":{"confidence_interval":{"confidence_level":0.95,"lower_bound":1038256371.5025,"upper_bound":1044314149.4175},"point_estimate":1041366029.0,"standard_error":1550973.4936761803},"median":{"confidence_interval":{"confidence_level":0.95,"lower_bound":1037281416.5,"upper_bound":1044998125.0},"point_estimate":1041750624.5,"standard_error":1616970.878601646},"median_abs_dev":{"confidence_interval":{"confidence_level":0.95,"lower_bound":926038.6152595282,"upper_bound":9225478.33621502},"point_estimate":3634377.3758769035,"standard_error":2255060.8533711676},"slope":null,"std_dev":{"confidence_interval":{"confidence_level":0.95,"lower_bound":2640246.2980629415,"upper_bound":6703769.8948261775},"point_estimate":5188919.679681653,"standard_error":1042038.8827309164}}