{"mean":{"confidence_interval":{"confidence_level":0.95,"lower_bound":1039255299.8,"upper_bound":1042102734.4175},"point_estimate":1040701941.5,"standard_error":728243.6785261845},"median":{"confidence_interval":{"confidence_level":0.95,"lower_bound":1037914750.0,"upper_bound":1042669250.0},"point_estimate":1041845458.0,"standard_error":1456013.5070046682},"median_abs_dev":{"confidence_interval":{"confidence_level":0.95,"lower_bound":196290.30611515045,"upper_bound":3668910.094463825},"point_estimate":2222448.495143652,"standard_error":1054113.7982824137},"slope":null,"std_dev":{"confidence_interval":{"confidence_level":0.95,"lower_bound":1563032.4650730458,"upper_bound":2760205.916849242},"point_estimate":2428189.870166721,"standard_error":306389.75530059036}}