{"mean":{"confidence_interval":{"confidence_level":0.95,"lower_bound":1035645924.5,"upper_bound":1040814499.2574999},"point_estimate":1038397908.0,"standard_error":1323980.1372297208},"median":{"confidence_interval":{"confidence_level":0.95,"lower_bound":1035804875.0,"upper_bound":1041658791.0},"point_estimate":1039359625.0,"standard_error":1723950.3102049034},"median_abs_dev":{"confidence_interval":{"confidence_level":0.95,"lower_bound":718134.3622505665,"upper_bound":7453369.583076239},"point_estimate":4392943.722009659,"standard_error":1616098.815822965},"slope":null,"std_dev":{"confidence_interval":{"confidence_level":0.95,"lower_bound":2186322.1743521173,"upper_bound":5903113.852330623},"point_estimate":4408601.766724683,"standard_error":1032389.306109986}}