{"mean":{"confidence_interval":{"confidence_level":0.95,"lower_bound":6609988195.4,"upper_bound":6618208120.3},"point_estimate":6614210620.4,"standard_error":2103817.7158971704},"median":{"confidence_interval":{"confidence_level":0.95,"lower_bound":6608553041.0,"upper_bound":6621512208.0},"point_estimate":6614916853.5,"standard_error":3145648.227071777},"median_abs_dev":{"confidence_interval":{"confidence_level":0.95,"lower_bound":975921.4326739311,"upper_bound":11538951.798042655},"point_estimate":9606630.326548219,"standard_error":2730601.5615642243},"slope":null,"std_dev":{"confidence_interval":{"confidence_level":0.95,"lower_bound":3992973.523162196,"upper_bound":8664642.648619428},"point_estimate":7008716.183313067,"standard_error":1197989.575426911}}