{"mean":{"confidence_interval":{"confidence_level":0.95,"lower_bound":1046543066.1,"upper_bound":1053146174.6},"point_estimate":1049327828.7,"standard_error":1724787.0006288304},"median":{"confidence_interval":{"confidence_level":0.95,"lower_bound":1045921687.0,"upper_bound":1050268416.0},"point_estimate":1048430270.5,"standard_error":1129956.4489215813},"median_abs_dev":{"confidence_interval":{"confidence_level":0.95,"lower_bound":135317.64089763165,"upper_bound":6224449.136593938},"point_estimate":2866699.7116059065,"standard_error":1417949.4878203976},"slope":null,"std_dev":{"confidence_interval":{"confidence_level":0.95,"lower_bound":1666794.612288472,"upper_bound":8475080.540375574},"point_estimate":5764168.766996891,"standard_error":2122919.781673803}}