{"mean":{"confidence_interval":{"confidence_level":0.95,"lower_bound":1040206379.1,"upper_bound":1045130253.9},"point_estimate":1042860474.8,"standard_error":1263141.6046146012},"median":{"confidence_interval":{"confidence_level":0.95,"lower_bound":1041452937.5,"upper_bound":1045504708.0},"point_estimate":1042712645.5,"standard_error":1276276.6587242815},"median_abs_dev":{"confidence_interval":{"confidence_level":0.95,"lower_bound":233416.092056036,"upper_bound":5846478.064504266},"point_estimate":3178787.0060652494,"standard_error":1528058.1612065819},"slope":null,"std_dev":{"confidence_interval":{"confidence_level":0.95,"lower_bound":1608361.815707181,"upper_bound":5969829.015350988},"point_estimate":4218881.195577009,"standard_error":1225482.137027802}}