{"mean":{"confidence_interval":{"confidence_level":0.95,"lower_bound":1051304808.765,"upper_bound":1055288536.1899999},"point_estimate":1053283941.2,"standard_error":1019485.1650456925},"median":{"confidence_interval":{"confidence_level":0.95,"lower_bound":1050205541.0,"upper_bound":1055843645.5},"point_estimate":1054147416.0,"standard_error":1705254.4539669193},"median_abs_dev":{"confidence_interval":{"confidence_level":0.95,"lower_bound":32772.13111817837,"upper_bound":6216231.826239824},"point_estimate":4976624.799147248,"standard_error":1644927.2926969298},"slope":null,"std_dev":{"confidence_interval":{"confidence_level":0.95,"lower_bound":2103440.8544964925,"upper_bound":4173442.19228255},"point_estimate":3392732.3348153997,"standard_error":542189.7575317023}}