{"mean":{"confidence_interval":{"confidence_level":0.95,"lower_bound":-0.026909916927527703,"upper_bound":-0.0023153059697816314},"point_estimate":-0.014314534876027407,"standard_error":0.006306464335823171},"median":{"confidence_interval":{"confidence_level":0.95,"lower_bound":-0.03648432505174559,"upper_bound":0.0038767953777067987},"point_estimate":-0.004598195058001631,"standard_error":0.01042737119137614}}