{"mean":{"confidence_interval":{"confidence_level":0.95,"lower_bound":1036276597.8325,"upper_bound":1042070291.2},"point_estimate":1039168824.6,"standard_error":1488598.823486849},"median":{"confidence_interval":{"confidence_level":0.95,"lower_bound":1035125333.0,"upper_bound":1043822208.0},"point_estimate":1037930479.0,"standard_error":2339119.0484753875},"median_abs_dev":{"confidence_interval":{"confidence_level":0.95,"lower_bound":973512.2077167034,"upper_bound":8314235.327392817},"point_estimate":6946197.336280346,"standard_error":2045475.1571492238},"slope":null,"std_dev":{"confidence_interval":{"confidence_level":0.95,"lower_bound":3051978.6052315217,"upper_bound":6035574.017076417},"point_estimate":4965104.736965983,"standard_error":766914.8966388216}}