{"mean":{"confidence_interval":{"confidence_level":0.95,"lower_bound":0.010013261470238555,"upper_bound":0.019836854136442466},"point_estimate":0.014690677470783342,"standard_error":0.0025692967547323894},"median":{"confidence_interval":{"confidence_level":0.95,"lower_bound":0.008705156178210771,"upper_bound":0.021193178309553806},"point_estimate":0.015456908776442901,"standard_error":0.0032352056448228445}}