{"mean":{"confidence_interval":{"confidence_level":0.95,"lower_bound":1044159241.2,"upper_bound":1051319349.5},"point_estimate":1047763945.4,"standard_error":1828988.9640886963},"median":{"confidence_interval":{"confidence_level":0.95,"lower_bound":1043889562.0,"upper_bound":1053287333.0},"point_estimate":1046361812.0,"standard_error":2670587.8235113067},"median_abs_dev":{"confidence_interval":{"confidence_level":0.95,"lower_bound":928107.5835227966,"upper_bound":10778440.280744433},"point_estimate":6826848.0383992195,"standard_error":2551876.6854298464},"slope":null,"std_dev":{"confidence_interval":{"confidence_level":0.95,"lower_bound":3565988.932609301,"upper_bound":7689069.114125013},"point_estimate":6075389.860741544,"standard_error":1077816.0583380312}}