{"mean":{"confidence_interval":{"confidence_level":0.95,"lower_bound":1045402733.0,"upper_bound":1049280952.6099999},"point_estimate":1047124383.0,"standard_error":1000183.161302536},"median":{"confidence_interval":{"confidence_level":0.95,"lower_bound":1044717187.0,"upper_bound":1048127145.5},"point_estimate":1046676583.0,"standard_error":830289.1112711662},"median_abs_dev":{"confidence_interval":{"confidence_level":0.95,"lower_bound":261617.36745536327,"upper_bound":4602515.899989009},"point_estimate":1681268.3701515198,"standard_error":1114750.820013845},"slope":null,"std_dev":{"confidence_interval":{"confidence_level":0.95,"lower_bound":1217129.2728706382,"upper_bound":4754283.9559718},"point_estimate":3328885.3073235922,"standard_error":1030396.8285417896}}