{"mean":{"confidence_interval":{"confidence_level":0.95,"lower_bound":0.0021257760759708366,"upper_bound":0.003531059615213833},"point_estimate":0.0028827285081989285,"standard_error":0.000360426741361593},"median":{"confidence_interval":{"confidence_level":0.95,"lower_bound":0.0020140159349246733,"upper_bound":0.004083886797092484},"point_estimate":0.0031231319553917114,"standard_error":0.0004911682187696334}}