{"mean":{"confidence_interval":{"confidence_level":0.95,"lower_bound":0.007371754303489181,"upper_bound":0.008348103072948847},"point_estimate":0.007842987667713519,"standard_error":0.0002506107507693567},"median":{"confidence_interval":{"confidence_level":0.95,"lower_bound":0.007207681017760592,"upper_bound":0.008476508384464898},"point_estimate":0.007817529681120927,"standard_error":0.0003136557085901727}}