{"mean":{"confidence_interval":{"confidence_level":0.95,"lower_bound":0.008388297443615963,"upper_bound":0.013538825135614196},"point_estimate":0.010878016735420992,"standard_error":0.0013154666792643608},"median":{"confidence_interval":{"confidence_level":0.95,"lower_bound":0.006988304445791682,"upper_bound":0.013948490901869448},"point_estimate":0.01114908162740802,"standard_error":0.0018694903338791777}}