{"mean":{"confidence_interval":{"confidence_level":0.95,"lower_bound":1059302265.9399999,"upper_bound":1068991606.27},"point_estimate":1064268362.3,"standard_error":2483019.9225582997},"median":{"confidence_interval":{"confidence_level":0.95,"lower_bound":1056664562.5,"upper_bound":1070946624.5},"point_estimate":1065664229.0,"standard_error":3251001.3567770305},"median_abs_dev":{"confidence_interval":{"confidence_level":0.95,"lower_bound":2034003.3667892218,"upper_bound":15254934.441670775},"point_estimate":8028896.360358596,"standard_error":3320101.0426677833},"slope":null,"std_dev":{"confidence_interval":{"confidence_level":0.95,"lower_bound":4590245.64602712,"upper_bound":10287122.081100829},"point_estimate":8279901.403114332,"standard_error":1450985.0146263135}}