{"mean":{"confidence_interval":{"confidence_level":0.95,"lower_bound":1043149581.755,"upper_bound":1049364575.9775},"point_estimate":1045972716.3,"standard_error":1596470.9315464671},"median":{"confidence_interval":{"confidence_level":0.95,"lower_bound":1042407770.5,"upper_bound":1048641062.5},"point_estimate":1044756833.0,"standard_error":1921908.51610705},"median_abs_dev":{"confidence_interval":{"confidence_level":0.95,"lower_bound":616731.1957508326,"upper_bound":7798011.807757616},"point_estimate":4275695.268291235,"standard_error":1839863.5500931947},"slope":null,"std_dev":{"confidence_interval":{"confidence_level":0.95,"lower_bound":2324341.1313074413,"upper_bound":7368272.075493449},"point_estimate":5322315.9701582305,"standard_error":1458480.7586203483}}