{"mean":{"confidence_interval":{"confidence_level":0.95,"lower_bound":1035197733.8725001,"upper_bound":1041145013.9725},"point_estimate":1038303099.6,"standard_error":1531158.3577383433},"median":{"confidence_interval":{"confidence_level":0.95,"lower_bound":1034708833.0,"upper_bound":1042769958.0},"point_estimate":1039330479.0,"standard_error":2640492.2735296153},"median_abs_dev":{"confidence_interval":{"confidence_level":0.95,"lower_bound":881745.1997458935,"upper_bound":9664790.49961567},"point_estimate":5451643.159013987,"standard_error":2354686.5681405063},"slope":null,"std_dev":{"confidence_interval":{"confidence_level":0.95,"lower_bound":2976468.785315197,"upper_bound":6502553.020177619},"point_estimate":5117696.241640681,"standard_error":973018.2292506474}}