{"mean":{"confidence_interval":{"confidence_level":0.95,"lower_bound":1049793643.2425001,"upper_bound":1052691666.4},"point_estimate":1051269395.5,"standard_error":742123.9572370287},"median":{"confidence_interval":{"confidence_level":0.95,"lower_bound":1049517416.5,"upper_bound":1053369187.0},"point_estimate":1051566395.5,"standard_error":854575.8274683418},"median_abs_dev":{"confidence_interval":{"confidence_level":0.95,"lower_bound":307207.3166459799,"upper_bound":4554948.903733492},"point_estimate":1947117.0779317617,"standard_error":1096932.8178390749},"slope":null,"std_dev":{"confidence_interval":{"confidence_level":0.95,"lower_bound":1309384.6527083756,"upper_bound":3163557.920419211},"point_estimate":2476460.90789853,"standard_error":473214.3349034226}}