{"mean":{"confidence_interval":{"confidence_level":0.95,"lower_bound":1043581553.9,"upper_bound":1050939083.0},"point_estimate":1047271987.2,"standard_error":1884053.0577138797},"median":{"confidence_interval":{"confidence_level":0.95,"lower_bound":1041500875.0,"upper_bound":1052172250.0},"point_estimate":1048181999.5,"standard_error":2887369.814961638},"median_abs_dev":{"confidence_interval":{"confidence_level":0.95,"lower_bound":956864.0926122665,"upper_bound":11057724.30948615},"point_estimate":8457243.955653906,"standard_error":2554505.361776161},"slope":null,"std_dev":{"confidence_interval":{"confidence_level":0.95,"lower_bound":3848848.5652138363,"upper_bound":7562930.079819241},"point_estimate":6272779.606932388,"standard_error":948342.6531599736}}