{"mean":{"confidence_interval":{"confidence_level":0.95,"lower_bound":-0.016531007066975852,"upper_bound":-0.0018955888566103418},"point_estimate":-0.009320414092927387,"standard_error":0.0037686864154531795},"median":{"confidence_interval":{"confidence_level":0.95,"lower_bound":-0.020789599214952714,"upper_bound":0.005614540195457263},"point_estimate":-0.01112311124701959,"standard_error":0.008106501567280754}}