{"mean":{"confidence_interval":{"confidence_level":0.95,"lower_bound":6706108103.8,"upper_bound":6709028841.1},"point_estimate":6707529566.2,"standard_error":746636.2615749773},"median":{"confidence_interval":{"confidence_level":0.95,"lower_bound":6705122437.0,"upper_bound":6709040312.0},"point_estimate":6708147999.5,"standard_error":1225623.6427046054},"median_abs_dev":{"confidence_interval":{"confidence_level":0.95,"lower_bound":135596.36969268322,"upper_bound":4929861.372077465},"point_estimate":2872413.651904464,"standard_error":1210593.0317307587},"slope":null,"std_dev":{"confidence_interval":{"confidence_level":0.95,"lower_bound":1503914.4091059347,"upper_bound":3165160.942044257},"point_estimate":2486169.3291646624,"standard_error":449956.46788814495}}