{"mean":{"confidence_interval":{"confidence_level":0.95,"lower_bound":0.00870197197878942,"upper_bound":0.015489354123908887},"point_estimate":0.012220010924241853,"standard_error":0.001733748887450214},"median":{"confidence_interval":{"confidence_level":0.95,"lower_bound":0.0078073067396837725,"upper_bound":0.015986384956043986},"point_estimate":0.012985085346373104,"standard_error":0.0020333431026612245}}