{"mean":{"confidence_interval":{"confidence_level":0.95,"lower_bound":5599874874.485001,"upper_bound":5640194433.2},"point_estimate":5620586470.6,"standard_error":10344383.324813314},"median":{"confidence_interval":{"confidence_level":0.95,"lower_bound":5593507250.0,"upper_bound":5651177229.0},"point_estimate":5624403145.5,"standard_error":13372601.409247616},"median_abs_dev":{"confidence_interval":{"confidence_level":0.95,"lower_bound":4710282.385575771,"upper_bound":61749887.860420346},"point_estimate":33191212.463638186,"standard_error":14240812.637699533},"slope":null,"std_dev":{"confidence_interval":{"confidence_level":0.95,"lower_bound":17971930.604711186,"upper_bound":42710375.942686655},"point_estimate":34552098.32910499,"standard_error":6126582.868680356}}